{
  "params": [
    -2.4921939021157398,
    -0.08470064324494755,
    1.0872932946807279,
    -0.35727878257327217,
    1.0346106047983847,
    0.5364323480358135,
    1.2601354609475808,
    -0.11608172819675162,
    -0.42317792209728045,
    0.244466512994148,
    -0.47055794060440026,
    0.8745117517411028,
    1.6239214952010503,
    0.9624789623069241,
    0.5343022658537389,
    -0.867913240881902,
    -0.7552681752299687,
    1.0596180871499046,
    -0.8014306009856341,
    -0.7719433518586011,
    1.295845054346264,
    0.5671778812168536,
    0.8916928553919631,
    -1.946801944206162,
    -0.06381890207736449,
    0.5709590459577452,
    0.09187652955202541,
    -0.30872861058390355,
    0.6679583205884679,
    -1.9202979645496954,
    0.2173639904384256,
    0.5260774858046703,
    -0.5168105368006916,
    -1.2593702314543367,
    0.5160065966750024,
    0.23160738879430523,
    0.6608624387507515,
    0.9556007376718255,
    1.2742072227519714,
    1.1463346197611672,
    1.4902433719452564,
    0.01015190359307918,
    0.8726368977764946,
    -1.2560183314695537,
    1.2966681892730467,
    2.2186492369924276,
    -0.04278320107757399,
    -2.3469932747585167
  ],
  "cost": 0.01022976738136161,
  "overlap": 0.9897702326186384,
  "n_qubits": 6,
  "n_layers": 8,
  "dataset": "GAPDH_4species",
  "timestamp": "2026-06-10T10:46:40.901226+00:00"
}