{
  "config": {
    "kappa": 1.8425,
    "omega": 0.0599,
    "V": 13.5,
    "t": 0.5,
    "epsilon": 0.001,
    "n_layers": 8,
    "aae_overlap": 0.9897702326186384,
    "n_qubits": 6,
    "zero_eigenvalues": 1,
    "readout": "sqrt(p/pi_eq) reweight (METHOD B); near-equilibrium AAE init"
  },
  "rows": [
    {
      "threshold": 0.2,
      "K": 7,
      "alpha": 2.639979124532967,
      "tau_r": 1.3199895622664835,
      "f_bhattacharyya_raw": 0.6476548618916196,
      "f_hellinger_raw": 0.8047700677160026,
      "f_bhattacharyya_rw": 0.8008270943327346,
      "f_hellinger_rw": 0.8948894313448642,
      "tv_rw": 0.28527205694047764,
      "qsvt_norm2": 0.3002575882286246,
      "be_ancilla": 3,
      "total_qubits": 9,
      "be_depth": 338,
      "cosh_circuit_depth": 4422,
      "sinh_circuit_depth": 4788,
      "postsel_prob_cosh": 0.6624616792574892,
      "postsel_prob_sinh": 0.383219874934519,
      "2cosh_tau_r": 4.010520394897498,
      "cosh_degree": 12,
      "cosh_phases": 13,
      "sinh_degree": 13,
      "sinh_phases": 14,
      "approx_error": 1.438849039914203e-13,
      "eval_time_s": 3.080031394958496
    },
    {
      "threshold": 0.1,
      "K": 25,
      "alpha": 4.958646575815105,
      "tau_r": 2.4793232879075524,
      "f_bhattacharyya_raw": 0.6236001980147975,
      "f_hellinger_raw": 0.7896836062720293,
      "f_bhattacharyya_rw": 0.8050832549241571,
      "f_hellinger_rw": 0.8972643172021035,
      "tv_rw": 0.31830144261455745,
      "qsvt_norm2": 0.3381890851028561,
      "be_ancilla": 5,
      "total_qubits": 11,
      "be_depth": 8382,
      "cosh_circuit_depth": 119799,
      "sinh_circuit_depth": 128349,
      "postsel_prob_cosh": 0.43774428493673645,
      "postsel_prob_sinh": 0.5077706578856195,
      "2cosh_tau_r": 12.016986268213252,
      "cosh_degree": 14,
      "cosh_phases": 15,
      "sinh_degree": 15,
      "sinh_phases": 16,
      "approx_error": 6.025763221728653e-12,
      "eval_time_s": 60.919466495513916
    },
    {
      "threshold": 0.075,
      "K": 38,
      "alpha": 6.061702650219264,
      "tau_r": 3.030851325109632,
      "f_bhattacharyya_raw": 0.6640617637177034,
      "f_hellinger_raw": 0.8148998488880113,
      "f_bhattacharyya_rw": 0.8525240198513095,
      "f_hellinger_rw": 0.9233222730180993,
      "tv_rw": 0.280406162594439,
      "qsvt_norm2": 0.3105152472303777,
      "be_ancilla": 6,
      "total_qubits": 12,
      "be_depth": 22690,
      "cosh_circuit_depth": 367960,
      "sinh_circuit_depth": 344973,
      "postsel_prob_cosh": 0.5135381967073192,
      "postsel_prob_sinh": 0.44269647627541536,
      "2cosh_tau_r": 20.763134688840857,
      "cosh_degree": 16,
      "cosh_phases": 17,
      "sinh_degree": 15,
      "sinh_phases": 16,
      "approx_error": 1.3810626253718539e-11,
      "eval_time_s": 205.05636715888977
    },
    {
      "threshold": 0.05,
      "K": 55,
      "alpha": 7.079535459204777,
      "tau_r": 3.5397677296023886,
      "f_bhattacharyya_raw": 0.6701152932241754,
      "f_hellinger_raw": 0.8186057007034433,
      "f_bhattacharyya_rw": 0.8546931056578266,
      "f_hellinger_rw": 0.9244961360967534,
      "tv_rw": 0.2733363748329849,
      "qsvt_norm2": 0.31843748671349575,
      "be_ancilla": 6,
      "total_qubits": 12,
      "be_depth": 35584,
      "cosh_circuit_depth": 574264,
      "sinh_circuit_depth": 610145,
      "postsel_prob_cosh": 0.5508185874902188,
      "postsel_prob_sinh": 0.41826506493719834,
      "2cosh_tau_r": 34.487934542299584,
      "cosh_degree": 16,
      "cosh_phases": 17,
      "sinh_degree": 17,
      "sinh_phases": 18,
      "approx_error": 1.983582048614707e-11,
      "eval_time_s": 373.275506734848
    }
  ]
}