{
  "config": {
    "kappa": 1.8425,
    "omega": 0.0599,
    "V": 13.5,
    "t": 0.5,
    "epsilon": 0.001,
    "n_layers": 8,
    "aae_overlap": 0.9897702326186384,
    "n_qubits": 6,
    "zero_eigenvalues": 1,
    "readout": "sqrt(p/pi_eq) reweight (METHOD B); near-equilibrium AAE init"
  },
  "rows": [
    {
      "threshold": 0.2,
      "K": 7,
      "alpha": 2.6399791245329673,
      "tau_r": 1.3199895622664837,
      "f_bhattacharyya_raw": 0.6476548618916179,
      "f_hellinger_raw": 0.8047700677160017,
      "f_bhattacharyya_rw": 0.8008270943327235,
      "f_hellinger_rw": 0.8948894313448581,
      "tv_rw": 0.28527205694047814,
      "qsvt_norm2": 0.3002575882286122,
      "be_ancilla": 3,
      "total_qubits": 9,
      "be_depth": 338,
      "cosh_circuit_depth": 4422,
      "sinh_circuit_depth": 4788,
      "postsel_prob_cosh": 0.662461679257496,
      "postsel_prob_sinh": 0.38321987493452125,
      "2cosh_tau_r": 4.010520394897499,
      "cosh_degree": 12,
      "cosh_phases": 13,
      "sinh_degree": 13,
      "sinh_phases": 14,
      "approx_error": 1.429412144204889e-13,
      "eval_time_s": 2.363576889038086
    },
    {
      "threshold": 0.1,
      "K": 25,
      "alpha": 4.9586465758151075,
      "tau_r": 2.4793232879075537,
      "f_bhattacharyya_raw": 0.6236001980148296,
      "f_hellinger_raw": 0.7896836062720499,
      "f_bhattacharyya_rw": 0.8050832549241567,
      "f_hellinger_rw": 0.8972643172021031,
      "tv_rw": 0.3183014426145183,
      "qsvt_norm2": 0.338189085102846,
      "be_ancilla": 5,
      "total_qubits": 11,
      "be_depth": 8382,
      "cosh_circuit_depth": 119799,
      "sinh_circuit_depth": 128349,
      "postsel_prob_cosh": 0.4377442849367484,
      "postsel_prob_sinh": 0.5077706578856336,
      "2cosh_tau_r": 12.016986268213266,
      "cosh_degree": 14,
      "cosh_phases": 15,
      "sinh_degree": 15,
      "sinh_phases": 16,
      "approx_error": 6.02565219942619e-12,
      "eval_time_s": 50.41311454772949
    },
    {
      "threshold": 0.075,
      "K": 38,
      "alpha": 6.061702650219266,
      "tau_r": 3.030851325109633,
      "f_bhattacharyya_raw": 0.6640617637177075,
      "f_hellinger_raw": 0.8148998488880136,
      "f_bhattacharyya_rw": 0.8525240198513953,
      "f_hellinger_rw": 0.9233222730181458,
      "tv_rw": 0.2804061625944836,
      "qsvt_norm2": 0.3105152472303207,
      "be_ancilla": 6,
      "total_qubits": 12,
      "be_depth": 22690,
      "cosh_circuit_depth": 367960,
      "sinh_circuit_depth": 344973,
      "postsel_prob_cosh": 0.5135381967072205,
      "postsel_prob_sinh": 0.44269647627532344,
      "2cosh_tau_r": 20.763134688840886,
      "cosh_degree": 16,
      "cosh_phases": 17,
      "sinh_degree": 15,
      "sinh_phases": 16,
      "approx_error": 1.3810688703763674e-11,
      "eval_time_s": 230.21270608901978
    },
    {
      "threshold": 0.05,
      "K": 55,
      "alpha": 7.07953545920478,
      "tau_r": 3.53976772960239,
      "f_bhattacharyya_raw": 0.6701152932242254,
      "f_hellinger_raw": 0.8186057007034739,
      "f_bhattacharyya_rw": 0.8546931056580351,
      "f_hellinger_rw": 0.924496136096866,
      "tv_rw": 0.2733363748328115,
      "qsvt_norm2": 0.3184374867134774,
      "be_ancilla": 6,
      "total_qubits": 12,
      "be_depth": 35584,
      "cosh_circuit_depth": 574264,
      "sinh_circuit_depth": 610145,
      "postsel_prob_cosh": 0.5508185874900917,
      "postsel_prob_sinh": 0.41826506493711035,
      "2cosh_tau_r": 34.487934542299634,
      "cosh_degree": 16,
      "cosh_phases": 17,
      "sinh_degree": 17,
      "sinh_phases": 18,
      "approx_error": 1.98357823222306e-11,
      "eval_time_s": 403.57648825645447
    }
  ]
}